﻿<?xml version="1.0" encoding="utf-8"?>
<publishData>
  <publishProfile publishUrl="C:\Users\Administrator\Desktop\insurance-0603" deleteExistingFiles="True" ftpAnonymousLogin="False" ftpPassiveMode="True" msdeploySite="" msdeploySiteID="" msdeployRemoteSitePhysicalPath="" msdeployAllowUntrustedCertificate="False" msdeploySkipExtraFilesOnServer="True" msdeployMarkAsApp="False" profileName="配置文件1" publishMethod="FileSystem" replaceMatchingFiles="False" userName="" savePWD="False" userPWD="" SelectedForPublish="True">
    <file relUrl="js/libs/angular/angular-chart.css" publishTime="05/16/2016 18:17:34" />
    <file relUrl="scripts/controllers/approval.js" publishTime="05/29/2016 17:07:53" />
    <file relUrl="scripts/controllers/user_manager.js" publishTime="05/16/2016 18:17:48" />
    <file relUrl="js/libs/plugins/metisMenu/metisMenu.min.css" publishTime="05/16/2016 18:17:44" />
    <file relUrl="views/admin/policy/report/main.html" publishTime="06/02/2016 20:05:08" />
    <file relUrl="scripts/directives/header/header-notification/header-notification.html" publishTime="05/29/2016 22:15:00" />
    <file relUrl="scripts/directives/datepicker/bootstrap-datetimepicker.zh-CN.js" publishTime="05/16/2016 18:17:48" />
    <file relUrl="js/libs/angular/angular.min.js" publishTime="05/16/2016 18:17:36" />
    <file relUrl="scripts/directives/header/header.js" publishTime="05/16/2016 18:17:50" />
    <file relUrl="bin/EntityFramework.xml" publishTime="05/16/2016 18:17:56" />
    <file relUrl="js/libs/extend/array.js" publishTime="06/02/2016 21:27:49" />
    <file relUrl="scripts/controllers/search.js" publishTime="06/02/2016 18:46:06" />
    <file relUrl="scripts/directives/sidebar/sidebar.js" publishTime="06/02/2016 21:23:20" />
    <file relUrl="bin/NPOI.dll" publishTime="03/27/2014 11:00:03" />
    <file relUrl="views/admin/data_config.html" publishTime="06/02/2016 14:13:07" />
    <file relUrl="bin/Newtonsoft.Json.dll" publishTime="05/16/2016 18:18:08" />
    <file relUrl="views/admin/search/unnormal.html" publishTime="06/02/2016 14:13:07" />
    <file relUrl="views/admin/update_password.html" publishTime="06/02/2016 14:13:07" />
    <file relUrl="scripts/controllers/general_query.js" publishTime="05/31/2016 16:57:38" />
    <file relUrl="scripts/directives/header/header-notification/header-notification.js" publishTime="05/16/2016 18:17:50" />
    <file relUrl="js/libs/angular/angular-toggle-switch.css" publishTime="05/16/2016 18:17:34" />
    <file relUrl="js/libs/extend/tool.js" publishTime="06/02/2016 20:42:21" />
    <file relUrl="views/admin/policy/approval/main.html" publishTime="06/02/2016 14:13:07" />
    <file relUrl="js/libs/angular/angular-sanitize.js" publishTime="05/16/2016 18:17:34" />
    <file relUrl="scripts/directives/datepicker/bootstrap-datetimepicker.min.js" publishTime="05/16/2016 18:17:48" />
    <file relUrl="js/libs/bootstrap/css/bootstrap-theme.css" publishTime="05/16/2016 18:17:36" />
    <file relUrl="js/libs/angular/angular-ui-router.min.js" publishTime="05/16/2016 18:17:34" />
    <file relUrl="js/libs/bootstrap/css/bootstrap.css" publishTime="05/16/2016 18:17:36" />
    <file relUrl="js/libs/plugins/jquery.cookie.js" publishTime="05/16/2016 18:17:42" />
    <file relUrl="bin/Newtonsoft.Json.xml" publishTime="05/16/2016 18:18:08" />
    <file relUrl="scripts/controllers/check.js" publishTime="05/29/2016 17:07:43" />
    <file relUrl="js/libs/angular/angular-touch.js" publishTime="05/16/2016 18:17:34" />
    <file relUrl="styles/main.css" publishTime="06/02/2016 18:30:59" />
    <file relUrl="scripts/controllers/adjust.js" publishTime="05/29/2016 17:07:33" />
    <file relUrl="views/admin/policy/adjust/wrap.html" publishTime="05/27/2016 13:26:02" />
    <file relUrl="bin/Ionic.Zip.dll" publishTime="03/27/2014 11:00:03" />
    <file relUrl="views/admin/policy/adjust/main.html" publishTime="06/02/2016 21:35:41" />
    <file relUrl="scripts/directives/login/directive.js" publishTime="05/19/2016 18:23:54" />
    <file relUrl="scripts/controllers/statistics_query.js" publishTime="05/27/2016 09:35:05" />
    <file relUrl="views/admin/policy/investigation.html" publishTime="06/02/2016 14:13:07" />
    <file relUrl="scripts/app.js" publishTime="05/20/2016 12:17:52" />
    <file relUrl="views/admin/query/details_query.html" publishTime="06/02/2016 14:13:07" />
    <file relUrl="styles/sb-admin-2.css" publishTime="05/16/2016 18:17:50" />
    <file relUrl="scripts/controllers/details_query.js" publishTime="05/31/2016 19:46:59" />
    <file relUrl="js/libs/plugins/easydialog/easydialog.css" publishTime="05/16/2016 18:17:42" />
    <file relUrl="js/libs/bootstrap/css/bootstrap.min.css" publishTime="05/16/2016 18:17:36" />
    <file relUrl="js/libs/plugins/metisMenu/metisMenu.min.js" publishTime="05/16/2016 18:17:44" />
    <file relUrl="js/libs/json3.min.js" publishTime="05/16/2016 18:17:42" />
    <file relUrl="js/libs/angular/loading-bar.min.css" publishTime="05/16/2016 18:17:36" />
    <file relUrl="views/admin/policy/view_case.html" publishTime="05/27/2016 15:24:58" />
    <file relUrl="views/admin/policy/select_case.html" publishTime="06/02/2016 14:13:07" />
    <file relUrl="views/admin/search/normal.html" publishTime="06/02/2016 14:13:07" />
    <file relUrl="js/libs/bootstrap/js/bootstrap.js" publishTime="05/16/2016 18:17:38" />
    <file relUrl="js/libs/angular/angular.js" publishTime="05/16/2016 18:17:36" />
    <file relUrl="js/libs/bootstrap/css/bootstrap-theme.min.css" publishTime="05/16/2016 18:17:36" />
    <file relUrl="js/libs/font-awesome/css/font-awesome.css" publishTime="05/16/2016 18:17:38" />
    <file relUrl="packages.config" publishTime="05/16/2016 18:17:46" />
    <file relUrl="js/libs/jquery/jquery.min.js" publishTime="05/16/2016 18:17:42" />
    <file relUrl="views/admin/user_manager.html" publishTime="06/02/2016 14:13:07" />
    <file relUrl="scripts/directives/header/header.html" publishTime="05/16/2016 18:17:50" />
    <file relUrl="scripts/directives/datepicker/datepicker.js" publishTime="05/16/2016 18:17:48" />
    <file relUrl="styles/timeline.css" publishTime="05/16/2016 18:17:52" />
    <file relUrl="views/admin/policy/record/main.html" publishTime="06/02/2016 15:43:36" />
    <file relUrl="js/libs/bootstrap/js/npm.js" publishTime="05/16/2016 18:17:38" />
    <file relUrl="views/admin/main.html" publishTime="05/29/2016 21:53:35" />
    <file relUrl="Web.config" publishTime="06/02/2016 21:45:53" />
    <file relUrl="views/admin/query/general_query.html" publishTime="06/02/2016 14:13:07" />
    <file relUrl="js/libs/angular/angular-animate.js" publishTime="05/16/2016 18:17:34" />
    <file relUrl="scripts/controllers/data_config.js" publishTime="06/02/2016 16:17:30" />
    <file relUrl="views/admin/policy/report/wrap.html" publishTime="06/02/2016 14:15:11" />
    <file relUrl="scripts/directives/sidebar/sidebar-search/sidebar-search.html" publishTime="05/16/2016 18:17:50" />
    <file relUrl="js/libs/angular/ui-bootstrap-tpls.min.js" publishTime="05/16/2016 18:17:36" />
    <file relUrl="js/libs/angular/angular-chart.min.js" publishTime="05/16/2016 18:17:34" />
    <file relUrl="js/sb-admin-2.js" publishTime="05/16/2016 18:17:44" />
    <file relUrl="scripts/controllers/report.js" publishTime="05/29/2016 17:07:06" />
    <file relUrl="images/logo.png" publishTime="05/16/2016 18:17:32" />
    <file relUrl="js/libs/plugins/easydialog/easydialog.min.js" publishTime="05/16/2016 18:17:42" />
    <file relUrl="views/admin/policy/record/wrap.html" publishTime="05/27/2016 13:24:20" />
    <file relUrl="images/login-bg.png" publishTime="05/20/2016 12:04:11" />
    <file relUrl="js/libs/angular/ocLazyLoad.min.js" publishTime="05/16/2016 18:17:36" />
    <file relUrl="favicon.ico" publishTime="05/16/2016 18:17:32" />
    <file relUrl="scripts/directives/datepicker/css/bootstrap-datetimepicker.css" publishTime="05/16/2016 18:17:48" />
    <file relUrl="bin/insurance.dll" publishTime="06/02/2016 21:33:56" />
    <file relUrl="scripts/controllers/main.js" publishTime="05/31/2016 21:27:03" />
    <file relUrl="js/libs/angular/angular-toggle-switch.min.js" publishTime="05/16/2016 18:17:34" />
    <file relUrl="bin/EntityFramework.dll" publishTime="05/16/2016 18:17:56" />
    <file relUrl="views/admin/policy/approval/wrap.html" publishTime="05/29/2016 17:46:36" />
    <file relUrl="scripts/directives/sidebar/sidebar.html" publishTime="05/17/2016 11:12:02" />
    <file relUrl="scripts/directives/datepicker/css/bootstrap-datetimepicker.min.css" publishTime="05/16/2016 18:17:48" />
    <file relUrl="scripts/controllers/record.js" publishTime="05/29/2016 17:07:23" />
    <file relUrl="views/admin/policy/report_info.html" publishTime="06/02/2016 14:49:24" />
    <file relUrl="views/admin/subtract_type.html" publishTime="06/02/2016 21:06:20" />
    <file relUrl="Global.asax" publishTime="05/16/2016 18:17:32" />
    <file relUrl="js/libs/font-awesome/fonts/fontawesome-webfont.svg" publishTime="05/16/2016 18:17:40" />
    <file relUrl="bin/insurance.pdb" publishTime="06/02/2016 21:33:56" />
    <file relUrl="bin/NPOI.xml" publishTime="03/27/2014 11:00:03" />
    <file relUrl="views/admin/policy/check/main.html" publishTime="06/02/2016 21:42:00" />
    <file relUrl="scripts/directives/sidebar/sidebar-search/sidebar-search.js" publishTime="05/16/2016 18:17:50" />
    <file relUrl="js/libs/bootstrap/fonts/glyphicons-halflings-regular.svg" publishTime="05/16/2016 18:17:36" />
    <file relUrl="js/libs/bootstrap/js/bootstrap.min.js" publishTime="05/16/2016 18:17:38" />
    <file relUrl="views/admin/query/statistics_query.html" publishTime="06/02/2016 14:13:07" />
    <file relUrl="views/admin/policy/check/wrap.html" publishTime="05/29/2016 17:45:26" />
    <file relUrl="scripts/directives/datepicker/bootstrap-datetimepicker.js" publishTime="05/16/2016 18:17:48" />
    <file relUrl="views/login.html" publishTime="06/02/2016 14:13:07" />
    <file relUrl="scripts/model.js" publishTime="06/02/2016 21:32:04" />
    <file relUrl="js/libs/angular/angular-cookies.js" publishTime="05/16/2016 18:17:34" />
    <file relUrl="js/libs/angular/angular-resource.js" publishTime="05/16/2016 18:17:34" />
    <file relUrl="js/libs/font-awesome/css/font-awesome.min.css" publishTime="05/16/2016 18:17:38" />
    <file relUrl="js/libs/angular/loading-bar.min.js" publishTime="05/16/2016 18:17:36" />
    <file relUrl="model/insurance.sql" publishTime="05/17/2016 14:40:04" />
    <file relUrl="js/libs/jquery/jquery.js" publishTime="05/16/2016 18:17:42" />
    <file relUrl="styles/dataTables.bootstrap.css" publishTime="05/31/2016 15:22:02" />
    <file relUrl="index.html" publishTime="06/02/2016 18:19:13" />
  </publishProfile>
</publishData>